kind,rho,mean_s,max_s,p90_s,C,kappa,C_kappa,GUARD
structured,0.40470555897444305,0.6100391625067733,0.9997347822451268,0.9950450684940025,0.40495338570134054,0.22197143821217746,0.08988808543301718,0.4948414711343577
diffuse,0.40470555897444305,0.6148082001297023,0.9988460891529596,0.9946770061494492,0.4093409555992561,0.02120721115634816,0.008680980080334761,0.41802193567959084
structured,0.2661079618317834,0.5401702333244841,0.9995950142438268,0.9918095000417189,0.34391725874391743,0.1442441390037047,0.0496080488760307,0.39352530761994814
diffuse,0.2661079618317834,0.5243110917702817,0.9994621941716728,0.9894257172668769,0.33083474231554544,0.02214640759775377,0.007326801050817906,0.33816154336636334
structured,0.2527717703255091,0.5337944617750606,0.9996642909308529,0.9938572074322608,0.33862594749691816,0.14753573057564073,0.04995942655582638,0.3885853740527445
diffuse,0.2527717703255091,0.545739651984984,0.9993254891431267,0.9910466759558698,0.34857508953440486,0.023271139779324934,0.008111739632145839,0.3566868291665507
structured,0.4770034994081169,0.6575709611364431,0.999181536494049,0.9954235371085537,0.45011859681045474,0.24258659817974826,0.1091927391776899,0.5593113359881446
diffuse,0.4770034994081169,0.6615127286082789,0.9994992882952586,0.9960467928342189,0.45401539723507545,0.019457811857481522,0.008834146179799834,0.4628495434148753
structured,0.4459263684779006,0.6536221897047921,0.9996638282242453,0.9962818553668223,0.4462393195839307,0.239364847195506,0.10681400654483414,0.5530533261287649
diffuse,0.4459263684779006,0.6437306008554703,0.9998118800085796,0.995939696634849,0.4366269444709907,0.019232235564823674,0.00839731225001528,0.445024256721006
structured,0.35389113656885957,0.598212213861215,0.9994073477133926,0.9926512566216911,0.3942020742315023,0.17591621079863762,0.06934653518776915,0.46354860941927145
diffuse,0.35389113656885957,0.6061029450815733,0.9991931811012128,0.9938554977515798,0.40135484235696256,0.021325228648563788,0.0085589837824705,0.40991382613943306
structured,0.4472724788292234,0.6433872763123948,0.9998832098223175,0.9962655404691493,0.43629596400154386,0.2481735634660035,0.10827712411209832,0.5445730881136421
diffuse,0.4472724788292234,0.6497254433820213,0.9997452126940187,0.9951525705818312,0.4424347980495545,0.019965992495639462,0.008833649857667165,0.45126844790722165
structured,0.4224401156704129,0.6290342380566507,0.9996911552156337,0.9951016171303703,0.4226136945511206,0.22589397256093835,0.09546588632080762,0.5180795808719282
diffuse,0.4224401156704129,0.619653562529059,0.999654149650031,0.9962096238023959,0.4138302391941396,0.0193706588040774,0.008016164366239416,0.421846403560379
structured,0.4782221775575501,0.6651417176880233,0.9995534717178254,0.9951873773170793,0.45762485128429514,0.24948069362925807,0.11416856532039202,0.5717934166046872
diffuse,0.4782221775575501,0.6604990782049603,0.9996985325986063,0.9956559808981738,0.45301096190336876,0.024057565405903536,0.01089834084558157,0.4639093027489503
structured,0.4397375385860249,0.640023023301956,0.999738916505561,0.9957880672662768,0.4330619371822315,0.22098264323944583,0.09569917156492437,0.5287611087471559
diffuse,0.4397375385860249,0.640178315983797,0.9998427132976134,0.9964509233813605,0.4332108500121936,0.022090474956322326,0.00956983343300147,0.4427806834451951
structured,0.26946668744512026,0.5319187255398519,0.9996516921610432,0.9942955145269732,0.3370774584371123,0.15921710749153362,0.05366849793295466,0.3907459563700669
diffuse,0.26946668744512026,0.5342092901987743,0.9991856723271317,0.9925342155044544,0.3389689042481444,0.022257115472978928,0.007544470043600087,0.3465133742917445
structured,0.34933669054933814,0.5815391447711694,0.9998977350057647,0.9952131662275353,0.3793482027643874,0.2036341582601372,0.07724825195742188,0.4565964547218093
diffuse,0.34933669054933814,0.593715964546862,0.9996781559273161,0.9942680814331692,0.39016212400364225,0.02118975616055263,0.008267440270720478,0.3984295642743627
structured,0.2553013962285439,0.5342366210702073,0.9991371069666635,0.9924541714118469,0.33899150625627933,0.13823586029909096,0.04686078250142145,0.3858522887577008
diffuse,0.2553013962285439,0.5519361696438349,0.9996922153601475,0.9899620119938956,0.35379720840400547,0.019818381860177925,0.007011688177215531,0.360808896581221
structured,0.3413399686671382,0.5822495345872046,0.9989406313071135,0.9942209375902531,0.3799740653230561,0.18472508673022348,0.07019074217203713,0.45016480749509324
diffuse,0.3413399686671382,0.5849484097036182,0.9995000998647009,0.9955725106841773,0.38235742380845295,0.021957985129034574,0.00839579862596198,0.3907532224344149
structured,0.475580147532063,0.6611725959028318,0.9996614736307771,0.9961388916789935,0.45367817460686033,0.2510292253218013,0.11388648071696904,0.5675646553238294
diffuse,0.475580147532063,0.662027462566199,0.9992018060811164,0.9960352128158346,0.4545260776614537,0.022774279948746257,0.010351504136667529,0.4648775817981212
structured,0.4751367717642807,0.659636767528568,0.9995784420880608,0.995427055017358,0.4521577736938751,0.23970659347263568,0.10838519964432972,0.5605429733382048
diffuse,0.4751367717642807,0.6602736037431588,0.9995347680021864,0.9971816165473688,0.452787759025919,0.019360402657972564,0.008766153333342843,0.46155391235926185
structured,0.2654428619749964,0.5434104326383645,0.9998182853750033,0.9911716913829074,0.34662302133080597,0.15004719577257752,0.05200981234090576,0.3986328336717117
diffuse,0.2654428619749964,0.5387092427721221,0.9994067851793782,0.9943372433995693,0.3427009398483044,0.022516370846731415,0.0077163814511478175,0.35041732129945224
structured,0.4192255809113762,0.6313036469930112,0.9997438771519062,0.9960681804993825,0.4247572213993501,0.23415802282716147,0.0994603111444307,0.5242175325437808
diffuse,0.4192255809113762,0.6294818551642485,0.999544936425886,0.9960231546558711,0.4230359026238216,0.020862646233570814,0.008825648380540101,0.43186155100436174
structured,0.43911306595503935,0.6359102425628358,0.9996080981579986,0.9948862271460002,0.42913099341760297,0.22561371223438986,0.09681783645977693,0.5259488298773799
diffuse,0.43911306595503935,0.6493982375802209,0.9993943489328942,0.9965389701715632,0.4421163947643893,0.01987172136446136,0.008785613807418147,0.45090200857180746
structured,0.28983136869123716,0.5694170427407883,0.9997492298451536,0.9913189553660611,0.3687619009671297,0.13953588133984807,0.05145551685600621,0.4202174178231359
diffuse,0.28983136869123716,0.5683520119258116,0.9992129269921398,0.9923239674693125,0.3678401198979383,0.01872328963889558,0.006887177105655176,0.3747272970035935
structured,0.2214460419870191,0.5092394713247276,0.9988264607228827,0.9886013372155823,0.3186416257432855,0.11085627317075164,0.035323423106970064,0.35396504885025554
diffuse,0.2214460419870191,0.5201740995533175,0.9996597276862201,0.9901393224635098,0.32746503111986075,0.020084232440783056,0.00657688380123954,0.3340419149211003
structured,0.27137191988888526,0.5547622476669879,0.9997204024111979,0.9917029683182925,0.35619301557631383,0.13058669096053988,0.04651406724736686,0.4027070828236807
diffuse,0.27137191988888526,0.5323699272129861,0.9991534217671222,0.9920508231417591,0.3374496038702696,0.02246750061151126,0.007581649181309515,0.3450312530515791
structured,0.2520894908526208,0.543153706107593,0.9992994213014319,0.9923565468364098,0.34640822514392255,0.12949552070949888,0.04485831349306557,0.3912665386369881
diffuse,0.2520894908526208,0.5385598126749439,0.9996134569411013,0.9919653009134202,0.34257666368640016,0.021666621990094947,0.007422479074721119,0.34999914276112126
structured,0.2043423430370201,0.4986144501069442,0.9992256222805843,0.987851915933511,0.3101810238856542,0.11868499463512783,0.036813833155787325,0.34699485704144156
diffuse,0.2043423430370201,0.5046984901730392,0.9992048623807478,0.989980312686577,0.3150122502786961,0.020914215712481088,0.006588234154402731,0.32160048443309885
structured,0.34901055253860214,0.5742797275870222,0.9994710528438141,0.9945656651847047,0.3729874830009156,0.19836025261943235,0.07398589135194786,0.44697337435286344
diffuse,0.34901055253860214,0.5827627917786345,0.9984461585880808,0.9922372180448624,0.3804266338869392,0.021927724897382372,0.008341890571510005,0.3887685244584492
structured,0.23830709686774332,0.49516131446132655,0.9989103398732649,0.9909597217586342,0.3074547676036613,0.14077382951320905,0.04328158503766112,0.3507363526413224
diffuse,0.23830709686774332,0.5119300983856915,0.9991565018825616,0.9930560900997139,0.3208016836969627,0.02333240033947681,0.007485073313595745,0.3282867570105585
structured,0.2009543327879935,0.5137392208972211,0.9991307441369934,0.9846397587303337,0.3222581018491298,0.09903712760190952,0.031915516753581424,0.35417361860271124
diffuse,0.2009543327879935,0.49530590785655687,0.9990819580940634,0.9880538228472433,0.30756869648028495,0.019675299264727886,0.006051506147711865,0.31362020262799684
structured,0.37276192521109,0.6062783757961955,0.9998859522607287,0.9937173365089426,0.4015147881580102,0.19052354663282456,0.07649802146539134,0.47801280962340154
diffuse,0.37276192521109,0.6102287087696574,0.9993752797607014,0.9940870097550886,0.40512718970520956,0.021646744638083915,0.00876968482149325,0.4138968745267028
structured,0.45053070419257085,0.6449494546747545,0.9994163290781916,0.995543813085275,0.4378033977251323,0.2502399448085122,0.10955589808371623,0.5473592958088486
diffuse,0.45053070419257085,0.6559499353569742,0.999609997635269,0.9962151570592643,0.44852315878856264,0.020688763627254247,0.009279389613525996,0.4578025484020886
structured,0.27982517360338244,0.5429147898515618,0.9994153600715039,0.9934350823626307,0.34620839450928376,0.15871373923046783,0.054948028845545394,0.40115642335482915
diffuse,0.27982517360338244,0.5534643067231584,0.9991824897510907,0.993382122313901,0.35509157909583755,0.02023390337752573,0.007184888701598212,0.3622764677974358
structured,0.3498460250909052,0.5945689626680495,0.9989957963314331,0.9937401053607641,0.39092658320119544,0.1715972136185403,0.0670819124067416,0.45800849560793705
diffuse,0.3498460250909052,0.5802249062288252,0.999535853921049,0.9932389982538474,0.37819195752769164,0.02510573785075676,0.009494788142954761,0.38768674567064637
structured,0.3698267258980157,0.6133364622889943,0.9995656866277525,0.9955814782834095,0.4079836818891945,0.1979056053731425,0.08074225754664463,0.4887259394358391
diffuse,0.3698267258980157,0.5881283933079553,0.999848569663547,0.9938812913712577,0.3851771322729367,0.021133023179392474,0.008139957264495892,0.3933170895374326
structured,0.31884633332522705,0.5755891145156489,0.9994737788065915,0.9931731304852298,0.3741301008374285,0.1737192639427404,0.06499360573630132,0.4391237065737298
diffuse,0.31884633332522705,0.569877083473661,0.9998930512409566,0.9950788736590902,0.36916047542839037,0.02062000833758737,0.007612092081241127,0.3767725675096315
structured,0.3408052364503888,0.592416255884599,0.9996299729238693,0.9953657938530039,0.3889990870141151,0.17826417668609473,0.06934460197821375,0.45834368899232886
diffuse,0.3408052364503888,0.5887130176517192,0.9992761844301298,0.9942822572771984,0.385696883184104,0.023261768818260586,0.008971991730552286,0.3946688749146563
structured,0.4838340263032226,0.6572644988888218,0.9992327950425056,0.9947511562729737,0.44981665669695026,0.23267401320831926,0.10466064672162821,0.5544773034185785
diffuse,0.4838340263032226,0.6741112847076903,0.9993821880920395,0.9958126872303992,0.4666379343554662,0.02132917444626503,0.009953001905112509,0.4765909362605787
structured,0.34569242092399916,0.5966616049774217,0.9993787786158901,0.9946354815483512,0.3928059217482631,0.17720532672620803,0.06960730170339027,0.46241322345165337
diffuse,0.34569242092399916,0.5835961244197313,0.9998340034180623,0.993295456161785,0.38116211618000534,0.019100157929081374,0.0072802566156209645,0.3884423727956263
structured,0.3225772939976348,0.5731699830467759,0.998966567397876,0.993703353213736,0.3720206758600592,0.19084543383964248,0.07099844728183001,0.44301912314188924
diffuse,0.3225772939976348,0.5635559028087431,0.9994095663190291,0.9951116164684872,0.36370544694098694,0.022022914711848807,0.008009854038216207,0.37171530097920313
structured,0.2211052019827176,0.5130517843799345,0.998710619656833,0.9865204020472991,0.3217043031885834,0.11092031967848326,0.03568354415162137,0.3573878473402048
diffuse,0.2211052019827176,0.5069827534122897,0.9993663324445329,0.9874726657260355,0.3168354199792829,0.021690293165506858,0.006872253144567134,0.32370767312385
structured,0.38304344849051974,0.6189955333492081,0.9997859428620246,0.995271066203562,0.4132186863059408,0.193509723660381,0.07996183379836826,0.493180520104309
diffuse,0.38304344849051974,0.6267372591823258,0.9994852306323725,0.9940715618438594,0.42045156534387923,0.02149549044468313,0.009037812605301421,0.42948937794918063
structured,0.328949096130274,0.5835512339988156,0.9994702682372395,0.9931800481971735,0.38112247519480225,0.16386145144487085,0.06245128196368208,0.44357375715848435
diffuse,0.328949096130274,0.5760716032570155,0.9996381059062414,0.9940050419050952,0.37455165312933414,0.02085762645462219,0.007812258468932874,0.382363911598267
structured,0.20176700999524094,0.4990550202903871,0.9995428140361363,0.9906149313595594,0.31052967450237434,0.1190398034086747,0.03696539140532239,0.34749506590769674
diffuse,0.20176700999524094,0.5047250750532664,0.9986505040483626,0.986365256311566,0.3150334395366376,0.020868668277036706,0.00657432834586399,0.32160776788250156
structured,0.22327279105957293,0.5226132088320911,0.9995681303381686,0.9889836238972112,0.32944964650650904,0.1140899030500575,0.03758687822980333,0.3670365247363124
diffuse,0.22327279105957293,0.5334928149748012,0.9985051589988772,0.9832291189535952,0.33837667697311036,0.020050916941286245,0.006784762644856282,0.34516143961796664
structured,0.2913083290347369,0.5791989276576502,0.9996590975253866,0.9952814075291725,0.37729077208906536,0.1569343994860477,0.05920990074942476,0.43650067283849014
diffuse,0.2913083290347369,0.551669926374504,0.9995363867199546,0.9938426012802487,0.3535719595299948,0.02101669012553442,0.007430912310519898,0.3610028718405147
structured,0.4851427586750252,0.66680248523248,0.99977852285748,0.9945857719097597,0.4592837502339461,0.24096011917073978,0.11066906718955594,0.569952817423502
diffuse,0.4851427586750252,0.6794453361169606,0.9993828995769367,0.9961003202155483,0.47206126248931796,0.026621822396178607,0.012567131090106473,0.48462839357942444
structured,0.46933048667787725,0.6784817941224394,0.9995203836658094,0.9959069130798374,0.47107803445911856,0.22826290868619237,0.10752964236381277,0.5786076768229313
diffuse,0.46933048667787725,0.6570752172451414,0.9992471365920387,0.9942125953485234,0.4496302416258067,0.020802185733975742,0.009353291797912423,0.45898353342371917
structured,0.44363363315407295,0.641940200243489,0.9995068191293789,0.9952109654560592,0.4349028458804054,0.2247847496830846,0.09775952734768804,0.5326623732280934
diffuse,0.44363363315407295,0.6535234638171562,0.999660816367132,0.995805227567419,0.44614264165101725,0.025067104511030225,0.011183504225093156,0.4573261458761104
structured,0.3965855531033237,0.6136820564073938,0.9986523204764918,0.9939190719501225,0.40830213516618785,0.21811371956303383,0.08905629740662582,0.49735843257281365
diffuse,0.3965855531033237,0.606710916400997,0.9997839770602063,0.9939274946039074,0.4019093221601263,0.020185297876210262,0.008112659387027904,0.4100219815471542
structured,0.24130233942268053,0.5297913961394355,0.998994100730894,0.9911226294680577,0.33532573857417036,0.12321362610730957,0.04131670017683526,0.3766424387510056
diffuse,0.24130233942268053,0.5403228872426039,0.9995266081749098,0.9915596418500081,0.3440444799392891,0.01923075763736637,0.006616236010186224,0.35066071594947534
structured,0.24546162590579207,0.5336635392327378,0.9996043191698297,0.9919439938265867,0.3385177458301859,0.12319710998368472,0.04170440796447044,0.38022215379465635
diffuse,0.24546162590579207,0.5290581267793394,0.9998049390257132,0.9906840168376703,0.33472303390156033,0.02216885842162497,0.0074204275490204665,0.3421434614505808
structured,0.2537380272463405,0.5413799052483735,0.9989195844667964,0.9908997538672282,0.3449260826613503,0.1402517663380698,0.048376492349325444,0.3933025750106757
diffuse,0.2537380272463405,0.5150485677882285,0.9994274671001346,0.9922797739141849,0.3233142168422668,0.019985838503289277,0.006461705723626994,0.3297759225658938
structured,0.36777490314009964,0.6044519233277136,0.9997317816380068,0.995218044829741,0.39985153072367163,0.19879993850447752,0.07949045971878713,0.47934199044245873
diffuse,0.36777490314009964,0.6106564133230986,0.9994331396390942,0.9945432964562411,0.4055195482342332,0.019744505820315394,0.008006783080362487,0.4135263313145957
structured,0.45757922646780624,0.6588369770990589,0.9989633417959449,0.9952408374607711,0.45136749535285614,0.22533236203038742,0.101707703871599,0.5530751992244551
diffuse,0.45757922646780624,0.6444309790002247,0.9994293439170365,0.9945357308782011,0.4373026867203116,0.022735160899167384,0.009942146944224472,0.44724483366453605
structured,0.3081061098175422,0.5699836635195679,0.9996330146518747,0.991814040227744,0.3692528506620878,0.1605754704683824,0.05929295021685609,0.4285458008789439
diffuse,0.3081061098175422,0.5622516830557521,0.9998255319594181,0.9922382079019789,0.3625856866601355,0.022270355520640717,0.008074912148616855,0.37066059880875235
structured,0.47932380488352805,0.6758753051296977,0.9992729190644527,0.9952768199230456,0.468426174727846,0.2330409627499176,0.10916248673583834,0.5775886614636843
diffuse,0.47932380488352805,0.6701903569579472,0.9990145481526667,0.9957169746568632,0.462681727712189,0.021713850612663843,0.01004660191675168,0.4727283296289407
structured,0.4064295240745541,0.6262205971605312,0.9996927247735968,0.9960944406256601,0.4199662601621415,0.22149090033181362,0.0930187050722974,0.5129849652344389
diffuse,0.4064295240745541,0.6188320954504231,0.9997294251943443,0.9951137195360217,0.4130668840252959,0.021884568577883456,0.00903979055070422,0.4221066745760001
structured,0.4220464920263229,0.6473397689833593,0.999841201800207,0.9951024062918321,0.440117036019138,0.2121523766051352,0.09337187517586801,0.533488911195006
diffuse,0.4220464920263229,0.636022079110352,0.9997354045100868,0.9964426860318435,0.4292375588224331,0.021134047591086724,0.009071526996035188,0.4383090858184683
structured,0.2731235313711222,0.5367751820173625,0.9992069682096202,0.9925591969639367,0.3410942874516963,0.14412218189826786,0.04915925294057344,0.3902535403922697
diffuse,0.2731235313711222,0.5573530996722629,0.9992203260185096,0.9930824113156297,0.358397274637944,0.02230143762632375,0.007992774465782532,0.3663900491037265
structured,0.31119534955026956,0.572566682159989,0.9995326317160225,0.991922839990818,0.3714956937486992,0.16908990964040072,0.06281617328776552,0.4343118670364647
diffuse,0.31119534955026956,0.5853834626138232,0.9996144995830981,0.992727051122705,0.38274245143092706,0.02164232983436054,0.008283438375479842,0.3910258898064069
structured,0.3837925015454453,0.6133683413660798,0.9995360746569404,0.9947422937627602,0.40801305064919313,0.21009719026458873,0.08572239553267881,0.49373544618187193
diffuse,0.3837925015454453,0.6084174554436943,0.9993402110796075,0.9956255364983416,0.4034683166174659,0.02033814088400565,0.00820579546559862,0.41167411208306454
structured,0.4248929314672726,0.6428691973059812,0.9998573706100352,0.9936116807029892,0.43579684491510084,0.2201743520413607,0.09595128795085169,0.5317481328659526
diffuse,0.4248929314672726,0.6070367211017544,0.999232853208647,0.9934902931388185,0.40220666156829427,0.022783535565525814,0.009163689778532637,0.4113703513468269
structured,0.48816611851250913,0.6663586746691135,0.9997034204352564,0.9965702469632882,0.458840001649082,0.27246935234755143,0.12501983808047482,0.5838598397295568
diffuse,0.48816611851250913,0.6739013697685532,0.999807773980278,0.996256901441111,0.46642548384884847,0.019787998034776377,0.009229626557770635,0.4756551104066191
structured,0.40382724452285523,0.6173200087962393,0.9994842362137539,0.9950844836738459,0.4116641803621146,0.21791029749183444,0.08970586400944058,0.5013700443715552
diffuse,0.40382724452285523,0.6288960441612094,0.9991118374634292,0.9945732682786339,0.4224834026728945,0.01977058715725477,0.008352744935038025,0.43083614760793254
structured,0.2456893378248005,0.51617201918769,0.9993392746146404,0.9911330363752878,0.32422175778141976,0.13922211192084089,0.04513883784901659,0.36936059563043633
diffuse,0.2456893378248005,0.5097633814392298,0.9993423863622528,0.9918173787181905,0.3190616639193694,0.020804739036819675,0.006637994654495945,0.32569965857386535
structured,0.33861314661493397,0.5833194759672902,0.999149403632188,0.9932923082394928,0.3809178578655058,0.18236353233777414,0.06946552609089182,0.45038338395639765
diffuse,0.33861314661493397,0.5851919204350267,0.9997976984438364,0.9951683048833964,0.3825729053868867,0.01964248913598743,0.007514684137785069,0.39008758952467176
structured,0.28161342594835653,0.5439234712775435,0.9992367179439743,0.9917026327198895,0.3470524811907209,0.1466666780358138,0.050901034520329784,0.3979535157110507
diffuse,0.28161342594835653,0.5362545244181021,0.9996124078101092,0.9926820195108791,0.3406624506097433,0.02370372095848927,0.008074967670288489,0.3487374182800318
structured,0.35117632615766914,0.5835057146484868,0.9996397853069428,0.9929463823581511,0.38108228133922095,0.16929028013976033,0.06451352616421567,0.44559580750343664
diffuse,0.35117632615766914,0.5826176576084983,0.9994914478041559,0.9953682277719158,0.3802986281248174,0.02139106102515398,0.008134991162000308,0.3884336192868177
structured,0.2686263360266802,0.5328049354353923,0.9995201496200783,0.9918030177641899,0.33780859574895816,0.15320428527237162,0.05175372447058265,0.3895623202195408
diffuse,0.2686263360266802,0.5349617269464568,0.9992596138485885,0.9930540233887928,0.3395914406511126,0.020955327473841545,0.00711624984615769,0.34670769049727024
structured,0.48646971768890457,0.6744848490199812,0.9992767330486978,0.9962631979862739,0.4670161929440899,0.2680445766625704,0.12518115773226388,0.5921973506763538
diffuse,0.48646971768890457,0.6686618833362966,0.999435715369796,0.9955250569377249,0.4611463719978345,0.019374787756445744,0.008934613082113019,0.4700809850799475
structured,0.21030105447759442,0.5097936110387566,0.9996697413205344,0.9901278508166539,0.3190859083796119,0.11212655712675157,0.03577800433426798,0.3548639127138799
diffuse,0.21030105447759442,0.5113999013152544,0.9994611718008283,0.985426164550979,0.32037546986589277,0.019153640512990622,0.00613635657899177,0.3265118264448845
structured,0.2025488498875666,0.5077802668419524,0.9994626471830457,0.9878348469695216,0.3174731527593714,0.09862313157012592,0.03131019651457017,0.34878334927394156
diffuse,0.2025488498875666,0.4894962106705802,0.9991774209697039,0.9870473095192308,0.3030066355275745,0.020427608598035274,0.006189700953164822,0.30919633648073935
structured,0.4751972454603808,0.6558010335077268,0.9993711556885055,0.9951301623639619,0.44837681327517515,0.24386611571407912,0.10934391182967391,0.557720725104849
diffuse,0.4751972454603808,0.6761662094774089,0.9996654139921053,0.9969713462191387,0.46872157459877295,0.022896611102723008,0.010732135609044076,0.479453710207817
structured,0.4564147112660984,0.650687377889349,0.9995634661024364,0.9960514196903709,0.4433718008921722,0.24761688225956602,0.10978634301872875,0.553158143910901
diffuse,0.4564147112660984,0.6570737511803085,0.9998818207193938,0.9956135609710001,0.4496287979828626,0.020499443539720996,0.00921714015808231,0.4588459381409449
structured,0.2537723233187502,0.5291094117560049,0.9995632168948443,0.9930972949572964,0.33476516894232405,0.14641168284966544,0.04901353174429822,0.3837787006866223
diffuse,0.2537723233187502,0.5255740850091913,0.9995103391569328,0.9920964835795233,0.3318669852414293,0.019589004159411116,0.006500943754265587,0.3383679289956949
structured,0.46862721698362836,0.6745717411986586,0.9997860993692851,0.9960054906608058,0.4671042104558887,0.23843744707373604,0.11137513545849521,0.5784793459143839
diffuse,0.46862721698362836,0.6602003278211122,0.999420889589585,0.9955438854660269,0.45271523868674957,0.021628603220551712,0.009791598269453068,0.46250683695620265
structured,0.21154510466066612,0.5192813595153555,0.9997263320499656,0.9880155498253543,0.3267401537410105,0.11506321482896886,0.03759577250315221,0.3643359262441627
diffuse,0.21154510466066612,0.513682141411058,0.998998988550553,0.9904127536549876,0.32221210068531003,0.021108790567390345,0.0068015077516451,0.32901360843695515
structured,0.20458797490772385,0.5126215374768232,0.9990941097410995,0.9884367287769461,0.3213579359995384,0.0895715044155625,0.028784513783358702,0.3501424497828971
diffuse,0.20458797490772385,0.4984784848080589,0.9995128349508017,0.9912326524119879,0.3100734636450411,0.01980167328396676,0.006139973421127049,0.31621343706616817
structured,0.3977930056660905,0.6128174844769784,0.9992910489201434,0.9943086900202497,0.40750576318209386,0.22119618082185089,0.09013871847877278,0.4976444816608666
diffuse,0.3977930056660905,0.632856559758638,0.9995675850779038,0.9944270709352849,0.4262282344268047,0.022864704132097624,0.009745582472915236,0.4359738168997199
structured,0.39560565153228344,0.6002526090655729,0.9994074287823801,0.9943784999913804,0.39604391990081356,0.19738607550167975,0.07817355507552319,0.47421747497633676
diffuse,0.39560565153228344,0.6276771115960329,0.9994805632799504,0.9961922820612831,0.42133534066562706,0.022747921697547246,0.009584503337871078,0.43091984400349814
structured,0.33984162757533026,0.5712002999162368,0.9991949237113401,0.9939869449161743,0.3703082810269591,0.1829093057916591,0.0677328306115437,0.4380411116385028
diffuse,0.33984162757533026,0.5963881899182303,0.9994777883261479,0.993441514583844,0.3925600598225772,0.02047347412118594,0.00803706822578874,0.40059712804836595
structured,0.47681427339193333,0.6694088849645671,0.9996777897937743,0.9960627114727651,0.46189625840862114,0.25177471025626086,0.11629379662928158,0.5781900550379027
diffuse,0.47681427339193333,0.6805052526557548,0.9998090572472348,0.9943723117714064,0.4731446616709798,0.020324483779109892,0.009616421001304267,0.48276108267228407
structured,0.24047169617569564,0.509370000873367,0.9989203567692627,0.9923289607710124,0.3187462507972192,0.12613749336024982,0.04020585309353876,0.35895210389075793
diffuse,0.24047169617569564,0.5112897578489021,0.9994064918186284,0.990282777334286,0.3202869629297425,0.018890278602501587,0.006050309962491934,0.32633727289223446
structured,0.28764475005152323,0.5389967495753075,0.9996274605121969,0.9924609387858294,0.3429401171529811,0.16243115815649334,0.05570416040748223,0.39864427756046333
diffuse,0.28764475005152323,0.5681709145345752,0.9997066083619006,0.9944365691381098,0.36768351246251696,0.02457359342513643,0.009035305144379975,0.37671881760689696
structured,0.2354230070699747,0.5268778938834163,0.9990929278484373,0.9905637875384524,0.3329343123683104,0.12779738752375402,0.04254813533768754,0.3754824477059979
diffuse,0.2354230070699747,0.5024365785066068,0.9989978924248512,0.9912883232131795,0.31321192816020604,0.021068359708207862,0.00659886156738058,0.31981078972758664
structured,0.22653275432565206,0.5215379053253313,0.9988544453202628,0.9922464091022664,0.3285739632417515,0.11998532559820263,0.039424053962653416,0.3679980172044049
diffuse,0.22653275432565206,0.5118635344661855,0.9996038557974415,0.9911840830558188,0.32074815910006793,0.020643835333584937,0.006621472180012305,0.32736963128008023
structured,0.2718855661958565,0.544715621067215,0.9985988546393922,0.9937330004994946,0.3477161440729664,0.16019514401335955,0.05570243777553893,0.4034185818485053
diffuse,0.2718855661958565,0.5570927723466491,0.9991785831523796,0.9919155062155169,0.3581754502423323,0.019940200624877114,0.007142090336737797,0.3653175405790701
structured,0.2429053117130205,0.546386161442018,0.9995036497770107,0.992828458543115,0.3491179637457422,0.13502215144990193,0.047138658574758976,0.3962566223205012
diffuse,0.2429053117130205,0.5369762046585403,0.9992022856926472,0.9903202672773197,0.34126109412390454,0.022500511651731614,0.007678549224617593,0.3489396433485221
structured,0.33733577805630016,0.6083705877617249,0.9996342912064315,0.9950448914897921,0.4034254496563724,0.1756184747799845,0.07084896215608154,0.47427441181245394
diffuse,0.33733577805630016,0.5791722571055037,0.9993742847366142,0.9948504844067713,0.37726736251380166,0.021560748893132642,0.00813416686873452,0.3854015293825362
structured,0.4414019412554645,0.6402035278161002,0.9997829062947097,0.9952721894808679,0.43323502943288617,0.2324475665249972,0.10070442832505994,0.5339394577579462
diffuse,0.4414019412554645,0.6433919070859245,0.9997190274857441,0.9954813382285663,0.4363004271024724,0.02058765194868295,0.008982401338247419,0.4452828284407198
structured,0.40747050119462347,0.618574512862012,0.9993374877173685,0.9946809208982305,0.41282771378871586,0.19429849502180774,0.08021180349244107,0.4930395172811569
diffuse,0.40747050119462347,0.6378153523421339,0.9997259971903529,0.9959574309713812,0.43094879741472253,0.021860533209369648,0.009420770497422454,0.440369567912145
structured,0.38446437747246853,0.6094786872021148,0.9997070614414776,0.9954202036174845,0.40443973876757433,0.20970185786679063,0.0848117646147198,0.4892515033822941
diffuse,0.38446437747246853,0.6132281699313731,0.9992151436087823,0.9948127807825363,0.407883927217249,0.020395308780172816,0.008318918642065328,0.41620284585931433
structured,0.3652634142264983,0.5856682849267184,0.9998400603767079,0.9955059165308525,0.3829946490419901,0.20446327566221179,0.07830834050422447,0.46130298954621457
diffuse,0.3652634142264983,0.61083276614405,0.9997236533082793,0.9952340693097319,0.40568139805253617,0.01920164610025865,0.007789750634862959,0.41347114868739915
structured,0.3625639528801048,0.5831409359578735,0.9994272030152407,0.9950281859826811,0.38076027106740973,0.2135832319269827,0.08132400928397138,0.4620842803513811
diffuse,0.3625639528801048,0.5911949879107002,0.999756870164814,0.9956737873924305,0.3879081779352699,0.021787752685712536,0.008451647445619033,0.39635982538088893
structured,0.22499810516316232,0.5237761190258412,0.9997813298068599,0.9894842232603069,0.3303980042496375,0.12616039816354907,0.04168314376857624,0.37208114801821374
diffuse,0.22499810516316232,0.5084113179347352,0.999245582776289,0.9934458257501432,0.31797821629585177,0.02126497851361142,0.0067617999373277725,0.32474001623317955
structured,0.27934926455033426,0.5433117569309578,0.9998765331898593,0.9924565174413227,0.3465404535642864,0.14931408511481525,0.05174337077922454,0.39828382434351095
diffuse,0.27934926455033426,0.5498435945997278,0.9992696353287825,0.9924922869712203,0.35202895394958517,0.018886756083107192,0.0066486849874371895,0.35867763893702237
structured,0.49650285743505174,0.6754252283643319,0.9993224711754203,0.9957769358571598,0.4679694228495546,0.24305974372660466,0.11374452798969983,0.5817139508392545
diffuse,0.49650285743505174,0.6764709188316586,0.9995230189960735,0.9959425116631805,0.46903114551119485,0.023835490722201258,0.011179587517255512,0.48021073302845035
structured,0.3323936287480043,0.5780449332774188,0.9994730476603878,0.9947879034409767,0.3762786592298912,0.1808407498449104,0.06804651488577103,0.4443251741156622
diffuse,0.3323936287480043,0.5876646669185327,0.9997015958189498,0.9938664841347159,0.38476516531738164,0.025227655522808035,0.009706723047803189,0.3944718883651848
structured,0.43701991348415414,0.644200431535185,0.9991304037568592,0.9953703080600664,0.4370801678345916,0.23968097281384737,0.10475979982423458,0.5418399676588261
diffuse,0.43701991348415414,0.6367632696261372,0.9995626045821653,0.9953053007634814,0.42994427483153674,0.022598039939789927,0.009715897894527084,0.43966017272606384
structured,0.34050701417984086,0.5891785941910808,0.9995487568844967,0.993376102493117,0.3861111003379895,0.1763961864383512,0.06810852564113692,0.45421962597912646
diffuse,0.34050701417984086,0.5843579780029288,0.9998122384968159,0.9939616056458496,0.38183525565140364,0.019868497713074307,0.0075864929036810564,0.3894217485550847
structured,0.21969164495027543,0.5025119017190622,0.9992200378169586,0.9927396333648009,0.31327180023790413,0.13036097999439555,0.0408384188836217,0.35411021912152585
diffuse,0.21969164495027543,0.49845116997123246,0.9995949883943074,0.9912293287840017,0.31005185739766516,0.02045346354478117,0.006341634362274834,0.31639349175994
structured,0.24109686590680657,0.5085657752029563,0.9995696773471876,0.9895978488462133,0.31810189626661256,0.13676044377147933,0.043503756497971016,0.36160565276458356
diffuse,0.24109686590680657,0.5325033070607706,0.9994424945498929,0.9871367127432191,0.3375596548466083,0.022557162477632398,0.007614387980268456,0.3451740428268768
structured,0.43321218510073745,0.6327848370274314,0.999277765722966,0.9963705574872107,0.4261602181226679,0.2333074041550659,0.09942633424435632,0.5255865523670242
diffuse,0.43321218510073745,0.6424625378763761,0.9995928022312296,0.9945514390622512,0.4354053477060209,0.02084177332532544,0.009074619561523395,0.4444799672675443
structured,0.3265380744410712,0.5847458324729387,0.9993278034727858,0.9940319878643307,0.38217821960610693,0.17713730378050874,0.06769801938466094,0.4498762389907679
diffuse,0.3265380744410712,0.5741539381599665,0.9994772218220632,0.9949285509253245,0.3728778220522323,0.021409585871033476,0.007983159750631207,0.3808609818028635
structured,0.2929057976417902,0.5577171908679716,0.99952963441438,0.9906460130674337,0.35870764444217385,0.15562945479247825,0.055825475134429654,0.4145331195766035
diffuse,0.2929057976417902,0.5752498846939184,0.9990480213400569,0.9899695190580308,0.3738338807459738,0.0205490694839634,0.007681938390908703,0.3815158191368825
structured,0.2804092362129629,0.5534623346398505,0.9993767613245607,0.9931524589768412,0.3550899070168285,0.15652424122345587,0.05558017826191659,0.4106700852787451
diffuse,0.2804092362129629,0.5610083843976714,0.9999208163366824,0.9946917928267989,0.36152004644309865,0.01888483050105072,0.006827244799809902,0.36834729124290855
structured,0.49822168241410614,0.6783723871629506,0.9998651897358303,0.9962322758195808,0.4709664919724952,0.26192095200676546,0.1233559919407226,0.5943224839132177
diffuse,0.49822168241410614,0.6686048980559607,0.9995708662441042,0.9963298870253705,0.4610892041439171,0.025051166989693452,0.01155082265015412,0.4726400267940712
structured,0.3385252726290694,0.5654923713592638,0.9997794942297419,0.9932974971388495,0.36537164789499293,0.18322099283537197,0.06694375608121655,0.4323154039762095
diffuse,0.3385252726290694,0.5768244335743058,0.9990587026791086,0.9941947666732689,0.37520995972944227,0.019386361777596117,0.007273956021872238,0.3824839157513145
structured,0.3096316114999985,0.5749695645632814,0.9998690556597092,0.9948917810080252,0.37358920491798553,0.15248769807952012,0.05696775788530175,0.43055696280328726
diffuse,0.3096316114999985,0.5632171385671051,0.9993504844085557,0.9946629644728019,0.363414407227378,0.021668693716439202,0.007874715482351363,0.37128912270972936
structured,0.4205978942122591,0.618123088466821,0.9990297689929134,0.9948598577159778,0.4124087768507892,0.21465262982703548,0.08852462851477293,0.5009334053655621
diffuse,0.4205978942122591,0.6372860605295267,0.9997308722504695,0.9952093700703648,0.4304432306908712,0.02238750091352648,0.009636548220313169,0.4400797789111844
structured,0.24350602577166902,0.518389173284596,0.999225878958557,0.9876406476545172,0.3260165329486881,0.12867929564084912,0.041951577827108864,0.36796811077579694
diffuse,0.24350602577166902,0.5315519252465396,0.9995243656922096,0.9897873992672815,0.3367750836814202,0.019720448705761395,0.006641355763117948,0.34341643944453815
structured,0.33181729920976843,0.5924874692172114,0.9995859345330154,0.9959694548198402,0.38906275678603314,0.19791191038653222,0.07700015345577457,0.4660629102418077
diffuse,0.33181729920976843,0.5855453306672246,0.9995297277901352,0.9937993988416364,0.3828857662146593,0.020914393543135845,0.008007823596678492,0.3908935898113378
structured,0.32280023273718395,0.57293851688846,0.9996077379705554,0.9941047668414381,0.37181920704069865,0.18707788915728407,0.06955915240130908,0.44137835944200776
diffuse,0.32280023273718395,0.5838061867770448,0.9997015093158661,0.9943548015088304,0.38134764685312184,0.020666088945011207,0.00788096438883734,0.3892286112419592
structured,0.417841591947544,0.6309261348274127,0.9993411240644262,0.995145388552732,0.4244001405752784,0.20629664078982002,0.08755232335140734,0.5119524639266857
diffuse,0.417841591947544,0.6362417024304701,0.9994979772327665,0.9961226852792471,0.429446883636014,0.021501858473977564,0.009233906114032285,0.4386807897500463
structured,0.33990854806047976,0.5918486902928606,0.9994460400272159,0.9928567730659175,0.3884918709152695,0.18787783126105695,0.07298901017011132,0.4614808810853808
diffuse,0.33990854806047976,0.5919246392859145,0.9996702894397678,0.9947267523572294,0.3885597207681396,0.01908256165085298,0.007414714826596243,0.39597443559473583
structured,0.2487769125114981,0.5270057298206855,0.9995039136996683,0.9912108767013319,0.3330390563331705,0.1368742239843087,0.04558446239206918,0.3786235187252397
diffuse,0.2487769125114981,0.5261909996404673,0.9996328541522628,0.9918481715820794,0.33237178648171173,0.021276325172551624,0.007071650207366797,0.3394434366890785
structured,0.30245361253372277,0.5603799544250103,0.9986016467801855,0.9945858130099173,0.36098208659319675,0.160694040885204,0.058007670181833414,0.41898975677503014
diffuse,0.30245361253372277,0.5614538883458997,0.9992164435175657,0.9930342776626383,0.361901687811057,0.021638762552242286,0.00783110468979918,0.3697327925008562
structured,0.4698374565106345,0.6633596201204729,0.999448194044725,0.9964790693928933,0.4558497088420346,0.25169232751256565,0.11473387421437706,0.5705835830564117
diffuse,0.4698374565106345,0.6479530334712132,0.999432116587393,0.9943156568845354,0.44071201808729915,0.022018561583333374,0.009703844710770328,0.4504158627980695
structured,0.3530636688725609,0.5930400782746065,0.9992997598892228,0.9935220207645087,0.38955704536775615,0.19570422052066472,0.07623795791202993,0.46579500327978607
diffuse,0.3530636688725609,0.5973472534095482,0.9990979569929127,0.9920356287087375,0.3934228938216451,0.02213388977148245,0.008707978965425937,0.402130872787071
structured,0.3882856923775577,0.6132538911631525,0.9992203540493514,0.9966481866926734,0.4079076191825115,0.21929540576452,0.08945226686306816,0.4973598860455797
diffuse,0.3882856923775577,0.6220169136053035,0.9995613782717653,0.9950602473244637,0.4160315827673039,0.020984366635703355,0.00873015926482107,0.42476174203212497
structured,0.23233445848346743,0.5167187082509928,0.9993351502419574,0.9934197415160406,0.324663839891852,0.12883390012993345,0.041827708724427565,0.3664915486162795
diffuse,0.23233445848346743,0.5344006155198872,0.9996551808014559,0.9895126506357402,0.3391271424888371,0.02283896617458725,0.00774531333618698,0.3468724558250241
structured,0.4424988220499982,0.637618792878232,0.9993298858869024,0.9946273858624912,0.4307610008078242,0.24542128197423319,0.10571791704275992,0.5364789178505841
diffuse,0.4424988220499982,0.6487690254281019,0.9993390967196194,0.995043789248653,0.44150456793430676,0.02122887211307889,0.009372644010017549,0.4508772119443243
structured,0.43023858585221963,0.6411428858460436,0.9994890721296952,0.9957832984111151,0.43413658971328184,0.215736353540121,0.09365904480308702,0.5277956345163689
diffuse,0.43023858585221963,0.6528055777074638,0.9998051920244729,0.9953572279226283,0.4454401001840662,0.021554749730564482,0.009601349879425116,0.45504145006349134
structured,0.20849114475878475,0.4890918809857136,0.9997378516999569,0.9897097295932366,0.30269031666591373,0.11462444741487965,0.034695710285665295,0.33738602695157904
diffuse,0.20849114475878475,0.48629227407346887,0.9993169951416143,0.990246258964628,0.3005042850406852,0.02228101827430029,0.00669554146649705,0.30719982650718225
structured,0.2459987690159986,0.5160452765154745,0.9997296065208665,0.9911374741197003,0.3241193097525723,0.13973714828136452,0.045291508047748716,0.36941081780032103
diffuse,0.2459987690159986,0.5280387549599341,0.9993587458007395,0.9936294091357997,0.33388609964179794,0.021036544022936643,0.007023809633761293,0.34090990927555925
structured,0.32925118484387544,0.5795285114377982,0.999228172118271,0.9935038247225924,0.37758012886332337,0.18685402318706246,0.07055236615360146,0.4481324950169248
diffuse,0.32925118484387544,0.5734120493595115,0.999251458151303,0.9931788719648218,0.3722314389658526,0.021933532234976516,0.008164350265429221,0.3803957892312818
structured,0.28375493693202336,0.5401792626197902,0.9994413119374201,0.9915853020692664,0.34392478302768825,0.14847438079766373,0.05106401920100686,0.3949888022286951
diffuse,0.28375493693202336,0.5476724943298797,0.999583551685895,0.993276782302264,0.35019945871141345,0.02041825441749101,0.0071504616448372785,0.35734992035625074
structured,0.351761365766174,0.5832649052976052,0.9991326067637557,0.9933129477754814,0.38086968740234456,0.1851414835380143,0.07051477896032983,0.4513844663626744
diffuse,0.351761365766174,0.5974325797103138,0.9990401329515775,0.9941308224568474,0.39349971559881314,0.025613469023579194,0.010078892776277423,0.4035786083750906
structured,0.3467071108439782,0.5914391659327011,0.999637312040289,0.994659940011765,0.38812614260385847,0.1618882655598115,0.06283306804455871,0.45095921064841715
diffuse,0.3467071108439782,0.5922137108530323,0.999748609809864,0.9958265057858601,0.3888180322367575,0.020028790442742417,0.007787554888029481,0.39660558712478694
structured,0.3621404421300036,0.6054176809254371,0.999532691943425,0.9938712894501974,0.4007304523286088,0.19029881836982387,0.0762585315629393,0.4769889838915481
diffuse,0.3621404421300036,0.5965112502560199,0.9992312575632679,0.9948915579466069,0.3926707070894073,0.020843307417243495,0.008184556261610892,0.40085526335101823
structured,0.4417932442647665,0.6658658981377981,0.9994607569191243,0.9960421701724906,0.45834766801530424,0.24046735408799047,0.11021765098004087,0.5685653189953451
diffuse,0.4417932442647665,0.6354101948494013,0.9998094044614989,0.9958018465051984,0.4286547363052011,0.025081606029093262,0.010751349218511915,0.439406085523713
structured,0.46678670953586915,0.6477135716438723,0.9996003900713479,0.9962110842228213,0.4404796272555206,0.24785784455021231,0.10917633097983429,0.5496559582353548
diffuse,0.46678670953586915,0.6687479921500187,0.9998533465313864,0.9951448998782512,0.46123276676874425,0.026498954664625263,0.012222186176444631,0.47345495294518886
structured,0.48601317560727286,0.6702364785366097,0.9989736010817556,0.9961884262299167,0.46272811657409596,0.2641991372447797,0.12225236917777801,0.584980485751874
diffuse,0.48601317560727286,0.6664924158285294,0.9997023970581174,0.9962679765138086,0.45897369048735154,0.02323640695542284,0.010664899453996384,0.46963858994134794
structured,0.26982371122134163,0.5520261851960303,0.999165380784666,0.9916697954090257,0.3538733817779636,0.1586184994505877,0.056130864813125535,0.41000424659108914
diffuse,0.26982371122134163,0.5570133641880065,0.9997589172357232,0.9939188670622849,0.358107801936699,0.020291310761775705,0.007266476695313983,0.365374278632013
structured,0.24462674359591452,0.5333661000150048,0.999791018687164,0.9927710070159917,0.3382719927204943,0.12055239835469189,0.040779500018676466,0.37905149273917077
diffuse,0.24462674359591452,0.5237558712325139,0.9990639231974398,0.9930119541279436,0.33038148023659,0.020803407514366934,0.006873060568561546,0.33725454080515155
structured,0.3055724333425216,0.5725623242925423,0.9990405061468998,0.9931759130604214,0.37149190317312997,0.15958341651659746,0.0592839471166211,0.43077585028975107
diffuse,0.3055724333425216,0.5694275631317297,0.9997809305542075,0.9934182451607488,0.36877101295008113,0.019254001990048675,0.007100317817213128,0.3758713307672943
structured,0.4666955101647779,0.6550580961811081,0.9998397509778431,0.9945481453794083,0.44764714675270445,0.2400806668366594,0.10747142549991721,0.5551185722526216
diffuse,0.4666955101647779,0.6553748154225332,0.9997844439476451,0.9962315362305714,0.447958103472184,0.025352156196699283,0.011356703808803988,0.459314807280988
structured,0.4832911073771023,0.6529859728621193,0.9994242854959187,0.9961624342859373,0.4456165645938159,0.26196291427694496,0.11673501391107649,0.5623515785048924
diffuse,0.4832911073771023,0.6777878668944229,0.9995651277571114,0.9956336118616075,0.4703709063283378,0.020830731142865155,0.009798169887151414,0.4801690762154892
structured,0.2234874483123533,0.519609102697012,0.9995890034379635,0.9896306086257681,0.32700617716507824,0.12157779666320401,0.03975669051498755,0.3667628676800658
diffuse,0.2234874483123533,0.5061912356631327,0.9989693605769114,0.9919687544858815,0.3162030979432794,0.02207123839478442,0.006978993955875487,0.32318209189915487
structured,0.22034085363781025,0.5013283655787248,0.999492410404045,0.9912357693809676,0.3123316785188468,0.1328976621396214,0.04150814988729855,0.35383982840614536
diffuse,0.22034085363781025,0.5226035545390267,0.9996743748293377,0.9898100063192418,0.3294417791861763,0.02135133891557528,0.007034023080354164,0.33647580226653045
structured,0.282262943083104,0.5526163511007356,0.9994059684880932,0.9913919324781774,0.3543730179689154,0.14542619469193752,0.05153511950471696,0.40590813747363236
diffuse,0.282262943083104,0.5507539869904328,0.9990159202084845,0.9926643324491464,0.3527976515660936,0.02208613868968201,0.007791937861882853,0.3605895894279765
structured,0.4305363394594281,0.6419758780253834,0.9992578939051131,0.9947010814355742,0.4349371559096705,0.23055528727361885,0.10027706092672484,0.5352142168363954
diffuse,0.4305363394594281,0.6273702493454587,0.999335591944567,0.9961398520494232,0.4210466506927327,0.01910567156297882,0.00804437902082762,0.42909102971356033
structured,0.47002261569232123,0.6534190130873182,0.9997273237025319,0.9965975456042171,0.44604037404850877,0.2329518649836082,0.10390593699258631,0.549946311041095
diffuse,0.47002261569232123,0.6658978013238118,0.9994809858380905,0.9963295004025714,0.45837953061793346,0.021449824098857095,0.009832160302271353,0.4682116909202048
structured,0.20239508841548914,0.5157926235705635,0.99972796745587,0.9895745996444836,0.32391513466955346,0.09908099833598438,0.03209383491919418,0.3560089695887476
diffuse,0.20239508841548914,0.5081988509641235,0.9992434586968512,0.9838365408219965,0.3178081240383618,0.02015216818839427,0.006404522767259135,0.3242126468056209
structured,0.2298156549751926,0.5148314226504709,0.998903674333011,0.9887943431995695,0.3231389496557491,0.11963715587595813,0.03865942488955824,0.36179837454530733
diffuse,0.2298156549751926,0.519459406843632,0.999576094843833,0.990164493163076,0.32688465813802703,0.020401841383162922,0.006669048945921464,0.3335537070839485
structured,0.2811704508667633,0.5544526651989927,0.9993237715065592,0.9929346811320342,0.35593013175530996,0.14588073249597688,0.05192334833785418,0.40785348009316413
diffuse,0.2811704508667633,0.542816414032636,0.9991816786876407,0.9921035798782292,0.3461261304982249,0.020300419789708868,0.007026505749301518,0.3531526362475264
structured,0.46367762033880183,0.6542209247629277,0.9996510185025851,0.9958060940757452,0.44682595770039957,0.2546632198197668,0.11379013708703468,0.5606160947874342
diffuse,0.46367762033880183,0.6593608848655503,0.999721646794597,0.9945517950142932,0.451885058042171,0.020343488051102532,0.00919291827875268,0.4610779763209237
structured,0.33319319942704745,0.5725522337673498,0.9996594126206607,0.9941817738918051,0.3714831262843592,0.18578819854805984,0.0690171808233725,0.4405003071077317
diffuse,0.33319319942704745,0.5842857297060364,0.9992842196495815,0.9918725409055815,0.3817713898006574,0.022180120884922827,0.008467735576183575,0.39023912537684097
structured,0.3835003239006456,0.6094028114744602,0.9994149695290245,0.9940396853847467,0.40437023463274463,0.21035688152229692,0.08506206153778367,0.4894322961705283
diffuse,0.3835003239006456,0.6306938057038508,0.9993651824124155,0.9950834976234674,0.4241804864859551,0.02408104835447744,0.01021471080609405,0.4343951972920491
structured,0.41379366850788324,0.6527101387763746,0.9994106505609517,0.9945896662506992,0.44534676114200683,0.21245668187201794,0.0946168951546809,0.5399636562966877
diffuse,0.41379366850788324,0.6324383365627242,0.999618715422678,0.9957234852717798,0.4258317278593478,0.02143676258506988,0.009128453651310927,0.43496018151065874
structured,0.2879492719555039,0.5409931381594572,0.9991341090206197,0.9934763436347146,0.3446033611483989,0.15700654393515456,0.05410498276234803,0.39870834391074694
diffuse,0.2879492719555039,0.546545392627038,0.9992338312988108,0.9903692068593026,0.34925174036786827,0.022115237076155925,0.007723785037495463,0.35697552540536376
structured,0.3107259041977245,0.5600912054394489,0.999392959295687,0.9936138413638556,0.36073505750433993,0.16995547230628372,0.06130889707558451,0.42204395457992444
diffuse,0.3107259041977245,0.5647975267060805,0.9991179953267637,0.9917641599555542,0.3647732828882695,0.019762220792309382,0.0072087301555735115,0.371982013043843
structured,0.28288203545510804,0.5517518787417608,0.9993921063874329,0.99232041393287,0.3536412850196387,0.14879150464272672,0.05261881890185942,0.40626010392149814
diffuse,0.28288203545510804,0.541959300417325,0.9992879387111215,0.9943103739702809,0.3454098364359499,0.022290237590925632,0.007699267320400085,0.35310910375635
structured,0.3614428895363392,0.622868491163137,0.9992110225652093,0.9928347825678868,0.4168266773615961,0.16085975237372885,0.06705063610315053,0.48387731346474666
diffuse,0.3614428895363392,0.6090957335788884,0.9993390119792015,0.995446248557064,0.40408902137696523,0.02028524891005501,0.008197046380452279,0.4122860677574175
structured,0.3059835640086412,0.5543120960742326,0.9999025692538953,0.991615045977291,0.3558108020762389,0.1662973376810044,0.059170389103421324,0.4149811911796602
diffuse,0.3059835640086412,0.5615078457516454,0.9996191429281578,0.9936765328890362,0.36194792587386115,0.022828612598281728,0.008262768980525968,0.3702106948543871
structured,0.3146173825579526,0.5501342547513498,0.9995399691287106,0.9910012679926874,0.35227427570363035,0.1780901827927076,0.0627365901532282,0.41501086585685854
diffuse,0.3146173825579526,0.5661585490181128,0.9985857639549697,0.993953564975611,0.3659458509659341,0.019040566758423694,0.006967816405285036,0.37291366737121917
structured,0.24602366302679057,0.509508773995226,0.9996625019803608,0.9907122522624633,0.3188575018603774,0.12924573963231512,0.04121097366525677,0.3600684755256342
diffuse,0.24602366302679057,0.5282930209045514,0.9994071833161859,0.990483729913442,0.33409475834414065,0.020329281416511136,0.006791906362159318,0.34088666470629997
structured,0.26260040317712025,0.546356276889318,0.9995350115715439,0.9909500849364782,0.3490928596036681,0.13470233775454787,0.047023624282034264,0.39611648388570236
diffuse,0.26260040317712025,0.5497714279844016,0.9995654599219883,0.9929917731520902,0.3519680586586046,0.02264040075074103,0.007968697899491135,0.3599367565580957
structured,0.3154975137697985,0.5599637783393278,0.9982959201451517,0.9922159507926941,0.360626071909726,0.1695829511548712,0.06115603353784014,0.42178210544756617
diffuse,0.3154975137697985,0.5752501388387986,0.9998034880509185,0.9950453270884868,0.373834102617412,0.02150259457329451,0.008038403146253587,0.3818725057636656
structured,0.4702928986644348,0.6462248867606945,0.9991558350108262,0.9952576553736153,0.4390368461165429,0.23809953115039606,0.10453446721809745,0.5435713133346404
diffuse,0.4702928986644348,0.6551604693109561,0.9993918429167482,0.9958197191006766,0.4477476401913914,0.024497169062589474,0.010968549639143997,0.4587161898305354
structured,0.49329047695981315,0.6604715562726667,0.999170952718818,0.9959410983702109,0.452983712932879,0.28879583311280765,0.13081980876298369,0.5838035216958627
diffuse,0.49329047695981315,0.6722680961744887,0.9993432082785453,0.9953121615485271,0.464774988202706,0.0242998816205916,0.011293977193537615,0.47606896539624366
structured,0.3993885950743695,0.6167206851792315,0.9996191700593734,0.9944332847666433,0.4111090747170849,0.21735034153852884,0.08935469779934697,0.5004637725164319
diffuse,0.3993885950743695,0.6175630935304587,0.9997459997173872,0.993520700296636,0.4118894698796824,0.022297751723189152,0.009184209136773154,0.42107367901645554
structured,0.35730585442061524,0.5959959897910156,0.9993847815531086,0.9934475466757854,0.3922075494674253,0.1921883349738741,0.07537771589632783,0.4675852653637531
diffuse,0.35730585442061524,0.59048820872894,0.9994415302080544,0.9922819391698605,0.3872776946562923,0.021754476344191587,0.008425023447033364,0.3957027181033257
structured,0.22723463937863864,0.5083545786456747,0.9996851417132572,0.9914947323118641,0.3179327888285849,0.13704147911058862,0.0435699796388237,0.3615027684674086
diffuse,0.22723463937863864,0.5084158566407921,0.9993851658412036,0.9904244681517334,0.31798185028029136,0.0202347246043576,0.006434275169605767,0.3244161254498971
structured,0.4873903032175818,0.6675848778256696,0.9996713146826235,0.9963364558844754,0.46006681284065987,0.27238264108454446,0.12531421355688774,0.5853810263975476
diffuse,0.4873903032175818,0.672983145324597,0.999482976000316,0.9963405873644262,0.4654970313479546,0.02347067798176483,0.010925530924235332,0.47642256227218993
structured,0.2003055346857777,0.5235339794819951,0.9992696545640419,0.9913969338129864,0.3302004242822312,0.11000486175117674,0.036323652023346746,0.36652407630557793
diffuse,0.2003055346857777,0.5229456406797552,0.9993162723007643,0.9919870942988415,0.3297206045787592,0.022722475937982156,0.007492068503797785,0.337212673082557
structured,0.4491581276509585,0.6262210649362222,0.998929799817875,0.9958164902521313,0.41996669937853776,0.23206016790010064,0.09745754277023456,0.5174242421487724
diffuse,0.4491581276509585,0.6395320816878155,0.9996209426435101,0.9965400102458383,0.43259139842950967,0.02033585366585733,0.008797115375571093,0.44138851380508076
structured,0.40394558941499636,0.6316698893999368,0.9996984053146365,0.9960240324827587,0.4251038370792314,0.22949186042575265,0.09755787044543886,0.5226617075246702
diffuse,0.40394558941499636,0.6257594218504494,0.9990761167824092,0.9961015783888044,0.4195333908963154,0.023101899950711657,0.009692018422469483,0.4292254093187849
structured,0.24897139341946412,0.5308967767474383,0.9988930039767273,0.9930577574335777,0.33623535773572766,0.13829569701138256,0.046499903157934015,0.38273526089366167
diffuse,0.24897139341946412,0.5138836903119673,0.999404208083799,0.9893607714801856,0.32237454631564405,0.019943651831334952,0.0064293257110037685,0.3288038720266478
structured,0.3529781710146792,0.6013770855145257,0.9992114641252494,0.9952905325048093,0.39706126599176417,0.18205407723289946,0.07228662238505747,0.4693478883768216
diffuse,0.3529781710146792,0.6085662109075218,0.9995656283595759,0.9944737617528696,0.4036043932870115,0.02288722009624833,0.009237382580972602,0.4128417758679841
structured,0.3571117547563778,0.5884708017742457,0.9994174037994765,0.9945240558570736,0.3854814935508891,0.19936428619347957,0.0768512428025694,0.4623327363534585
diffuse,0.3571117547563778,0.5897790646179781,0.9993740072516325,0.9949075647529828,0.3866457291512091,0.020779115329137565,0.00803415619755146,0.39467988534876053
structured,0.43660765389295886,0.6280352193986711,0.9999504097883071,0.9960107677704488,0.42167240955687124,0.2635464104857087,0.11113024993957307,0.5328026594964443
diffuse,0.43660765389295886,0.6263505798468727,0.9997332057635014,0.9954659754934282,0.4200883187096084,0.021429601060193537,0.009002325079994345,0.4290906437896027
structured,0.2874840742150417,0.5453685789324709,0.9996818112717256,0.9941201492590162,0.3482637055820608,0.17178339142381116,0.05982592045471008,0.4080896260367709
diffuse,0.2874840742150417,0.563272430823475,0.999258379101502,0.9931818002234465,0.36346190099339076,0.020284577422083006,0.007372671070677903,0.37083457206406867
structured,0.44563332821701,0.6614815823701214,0.9994980438089044,0.9965780989193728,0.4539845098220962,0.23339240960473795,0.10595653867060485,0.5599410484927011
diffuse,0.44563332821701,0.646681121070447,0.9993645421068144,0.9953427119279014,0.43947865683936455,0.02165472800129431,0.009516790776230601,0.4489954476155951
structured,0.22613208172920599,0.514599677028574,0.999638870954827,0.9914116679507189,0.32295194985821823,0.12938500006732812,0.04178513805414931,0.36473708791236753
diffuse,0.22613208172920599,0.5165418004220006,0.9991637089891867,0.9911293744861033,0.3245207498336779,0.02020072886505775,0.006555555678475362,0.3310763055121533
structured,0.30091239206559567,0.5419604876267916,0.9991581340995344,0.9907788283131149,0.3454108280473244,0.17761771682180583,0.061351082643295134,0.40676191069061957
diffuse,0.30091239206559567,0.5496025239349052,0.9995566003272164,0.9953867962742479,0.35182555733439125,0.02223045615133279,0.007821242625240405,0.35964679995963167
structured,0.21555204359603186,0.510277847634988,0.9990610505622259,0.9901830862740402,0.31947439429131463,0.11439768509609749,0.0365471311544043,0.3560215254457189
diffuse,0.21555204359603186,0.5007009994078981,0.9994507281380222,0.9902529445550309,0.31183388947436513,0.02029031634840972,0.006327208265589901,0.31816109773995505
structured,0.27875355800239254,0.5492055057513792,0.9993971169998779,0.9917221653396425,0.3514907242235199,0.15066144108152812,0.0529560990383055,0.4044468232618254
diffuse,0.27875355800239254,0.5388840337472024,0.9993674526829733,0.995360750678388,0.342846338152508,0.027511680156736773,0.009432278798160219,0.3522786169506682
structured,0.4350462425255238,0.6437706479697696,0.9992273414620719,0.9956202501219471,0.4366655631715364,0.22423666723507718,0.09791643058191338,0.5345819937534497
diffuse,0.4350462425255238,0.6371372204929803,0.9993926708847909,0.9953594171629376,0.4303011359754817,0.020914070581786848,0.008999348329214283,0.439300484304696
structured,0.2120908965391967,0.5106030617133359,0.9991058869830047,0.9895598513391328,0.3197354321795227,0.11707894239882422,0.03743428624700951,0.3571697184265322
diffuse,0.2120908965391967,0.4996560007887695,0.9990554302024757,0.9892940013655503,0.3110055680911425,0.021013519957600035,0.00653532171200796,0.31754088980315043
structured,0.3470955519825142,0.5856420536125192,0.9998374929424753,0.9951279959943872,0.3829714181954379,0.19613539695241455,0.07511425112919137,0.45808566932462924
diffuse,0.3470955519825142,0.5878263608464542,0.9996275335006732,0.9947458706020544,0.3849087812976572,0.023475061811680242,0.009035757432821015,0.39394453873047824
structured,0.47847719421438983,0.670924038206235,0.9994151541269537,0.9951468780842192,0.46342007594021806,0.24947951791584166,0.11561381713808834,0.5790338930783064
diffuse,0.47847719421438983,0.6524734135361973,0.9995988232416767,0.9961794605451333,0.4451153050192881,0.02162758870642789,0.009626770743893362,0.45474207576318143
structured,0.3265111892757182,0.5773852957563981,0.9995176957760387,0.9946708222055501,0.3757008424592322,0.18306675917125914,0.06877833564692343,0.4444791781061556
diffuse,0.3265111892757182,0.5756558767922022,0.9992240323225052,0.9949300306347098,0.37418841472698244,0.02201900035669424,0.008239254837344279,0.3824276695643267
structured,0.22131553663156373,0.5018887541354682,0.9994782267692123,0.9905206539948028,0.31277664480690776,0.12608586538873823,0.03943671393386496,0.3522133587407727
diffuse,0.22131553663156373,0.4941321107044873,0.998457149419807,0.9897100436937164,0.30664440441073826,0.02032281092235033,0.006231876251236164,0.3128762806619744
structured,0.4147488293221244,0.6427196478529499,0.999618180420711,0.9947210369466788,0.43565284279216193,0.20492689891139793,0.0892769860753325,0.5249298288674944
diffuse,0.4147488293221244,0.6417008317184428,0.9997669325972268,0.9965433980311178,0.4346727026659996,0.023207760474925787,0.010087779968461155,0.4447604826344608
structured,0.3129433848415724,0.5765258598998516,0.9990712301025207,0.9929093145360816,0.37494879317431723,0.16693576809960498,0.06259236478657457,0.43754115796089177
diffuse,0.3129433848415724,0.5653042501879443,0.9992901855733078,0.9905383284681528,0.3652095923604907,0.021872232968300098,0.007987949286366565,0.3731975416468573
structured,0.42198695715567525,0.6244891718928903,0.999471366308226,0.9964258320136827,0.4183426474087924,0.24266787659785194,0.10151832193701552,0.5198609693458079
diffuse,0.42198695715567525,0.6184021790497595,0.9993646198922873,0.9948318979643928,0.4126677493426475,0.02096065829840177,0.008649787684741745,0.4213175370273892
structured,0.2877823631499923,0.551228080243271,0.9994557133307526,0.9919211338374629,0.3531983197297418,0.14699590118159778,0.051918705304499504,0.4051170250342413
diffuse,0.2877823631499923,0.5635598892963496,0.9994789712961977,0.9931012326154726,0.363708872604751,0.019848411547789713,0.007219043387041717,0.3709279159917927
structured,0.24720452007766575,0.5250007413186459,0.9995433466891396,0.9871592724930843,0.33139818857413,0.12697048750927764,0.04207778956294881,0.37347597813707883
diffuse,0.24720452007766575,0.5364070299071949,0.9995687053256428,0.9903483028798497,0.3407889098148685,0.021581066992707898,0.007354588293086567,0.34814349810795503
structured,0.27964086899335083,0.5459182764176359,0.9988751026420433,0.9925474927771941,0.3487250348676296,0.1451592529179866,0.05062066553518394,0.3993457004028136
diffuse,0.27964086899335083,0.5574153305184002,0.9997023158453618,0.9947281540785013,0.3584503127530285,0.021404651037779,0.007672503858861319,0.36612281661188983
structured,0.469917752128641,0.6597094871724536,0.9993715470465669,0.9959491132043019,0.4522296785838045,0.25423914520633706,0.114974486920083,0.5672041655038875
diffuse,0.469917752128641,0.6396213788315719,0.9995848355457879,0.9964011030911739,0.4326769581096621,0.022589536561801293,0.009773971964667179,0.4424509300743293
structured,0.45700803819452124,0.6590486811359982,0.9994074249372134,0.9956656874371702,0.45157658328509065,0.23123561875055065,0.1044205906491875,0.5559971739342782
diffuse,0.45700803819452124,0.6461527647351472,0.9994077859659075,0.9953747346938662,0.43896703289151884,0.02188349069141271,0.00960613097811861,0.44857316386963747
structured,0.3935457143698444,0.5978174630110271,0.9995449213850925,0.9943798039610092,0.3938463529949855,0.21902323816941838,0.08626150357417753,0.480107856569163
diffuse,0.3935457143698444,0.6224673936074663,0.9996565551222995,0.993840715293633,0.41645205827753184,0.019348353273671792,0.008057661545101439,0.4245097198226333
structured,0.3872055284563455,0.6136821616107517,0.9994472270516247,0.9937040492715484,0.4083022321314103,0.1937044330701434,0.07908995239628892,0.4873921845276992
diffuse,0.3872055284563455,0.601734996080872,0.9987793728541177,0.994070264743312,0.39738542089113515,0.02085288917690309,0.008286634142359832,0.40567205503349496
structured,0.22858483796046125,0.5154900932375083,0.9996225146030596,0.9920420097690896,0.32367073672925006,0.13517453906919996,0.04375204264756475,0.36742277937681483
diffuse,0.22858483796046125,0.5226788689866546,0.9993794855813698,0.9895667993890542,0.3295031557280096,0.020622940554056446,0.006795323992952745,0.33629847972096233
structured,0.30214911060977895,0.574901942260096,0.9995006562430321,0.9941888162761587,0.37353019518957864,0.16267390434776519,0.060763615243271576,0.4342938104328502
diffuse,0.30214911060977895,0.5410693546882597,0.9995246739745483,0.9950033660259145,0.3446669440655185,0.020441712312071925,0.007045582514068315,0.35171252657958685
structured,0.4753269902556827,0.6538511476374164,0.9994968443333848,0.9959287894497767,0.446463586070018,0.2672607217607852,0.11932218025298146,0.5657857663229995
diffuse,0.4753269902556827,0.6808946975933291,0.9997369700644375,0.9967445129745731,0.47354321732281024,0.021303566208222713,0.010088159282691285,0.48363137660550154
structured,0.2475254920077632,0.5317322086465568,0.9985472993944863,0.9887740972160814,0.3369236841051565,0.11057330868725546,0.037254766526606815,0.3741784506317633
diffuse,0.2475254920077632,0.523070539337919,0.9990513078428322,0.9932384222868356,0.3298224360300377,0.02267428033236507,0.00747848637444862,0.33730092240448634
structured,0.32461738751747227,0.561286027487559,0.9996479416243719,0.9948380611816916,0.3617578630273498,0.17790249239283862,0.06435762547527266,0.4261154885026225
diffuse,0.32461738751747227,0.5732928735023816,0.9997856001297919,0.9957762670410812,0.3721276658538012,0.023807514581693168,0.008859434831065814,0.380987100684867
structured,0.2987659259368374,0.5748038621373457,0.9994008070733288,0.9916466703497702,0.37344461651417815,0.16871854853064827,0.0630070336548567,0.43645165016903487
diffuse,0.2987659259368374,0.5484940248639344,0.9993329723683092,0.992983921545213,0.3508911175907195,0.021053505753902857,0.007387488163189617,0.35827860575390913
structured,0.35868865267197514,0.5852155652592909,0.9996038971078582,0.9957996451774304,0.38259383247445716,0.2220806575581875,0.08496668989363448,0.46756052236809165
diffuse,0.35868865267197514,0.5875815263311184,0.9994287235036491,0.9955096574153214,0.384691332746715,0.02000431887837495,0.00769548809001233,0.3923868208367273
structured,0.46041339426332056,0.6669385315409154,0.9993240740123317,0.9967228775619046,0.4594198415696956,0.22770298254370225,0.10461126816517485,0.5640311097348705
diffuse,0.46041339426332056,0.6523952979351552,0.9995490462058313,0.9965252244847072,0.44503894709074754,0.019127689811706983,0.008512566934080494,0.453551514024828
