W,D,H_pbar,C,kappa,score,group,n,true_noise_rate
1.4665946640634981,2.481178959814847,3.947773623878345,0.9936655466428399,0.5445351438390814,1.5347513580119383,Allegro > Automotive > Car Care Products,3152,0.17480964467005075
1.960431569894685,3.313368585048752,5.273800154943437,0.9579466570296113,0.3939816940312687,1.3353601037577283,Allegro > Automotive > Car Equipment and Accessories,13562,0.06510839109275918
1.540212614693853,2.98794960291688,4.528162217610733,0.9989007221066627,0.4764478350871292,1.4748248086213522,Allegro > Automotive > Cars,105,0.11428571428571428
1.4955212587849613,3.4115708881101394,4.907092146895101,0.9858051009044333,0.43469477770724096,1.4143294301047502,Allegro > Automotive > Garage Tools and Equipment,4761,0.13316530140726737
1.6945020118164185,3.219952440203422,4.91445445201984,0.9877022267484181,0.4330637594901593,1.4154402663208898,Allegro > Automotive > Machine and Other Vehicles Parts,3581,0.4247416922647305
1.9975847885574014,3.634108801997507,5.631693590554908,0.9856351330320812,0.35044176703896945,1.3310428507075334,Allegro > Automotive > Motorcycle Parts and Equipment,5317,0.029151777318036486
3.391879081885086,3.411692993229576,6.803572075114662,0.9909360706288404,0.21391794595673452,1.2029150794321994,Allegro > Automotive > Tires and Rims,8253,0.21882951653944022
2.2657706872470533,3.9368178320259735,6.202588519273027,0.944188071154614,0.2870731471344592,1.2152391122277837,Allegro > Beauty > Care,6343,0.11414157338798676
2.8760729770590925,2.985556021577239,5.8616289986363315,0.9767643398377273,0.32357395318453175,1.2928198386087,Allegro > Beauty > Fragrance,1444,0.09556786703601108
1.7831469962942528,3.5122577264257986,5.295404722720051,0.9964261553274819,0.3880384660064856,1.383077832129498,Allegro > Beauty > Make-up,1824,0.07894736842105263
1.797019481562883,3.210211233070338,5.007230714633221,0.9937867927351666,0.4216944271156007,1.412861144972673,Allegro > Beauty > Manicure and pedicure,1823,0.09873834339001646
2.927439997409282,2.929660898394803,5.857100895804085,0.9953414223031176,0.32309113933638145,1.3169274164637264,Allegro > Beauty > Professional salon equipment,649,0.0662557781201849
2.562158648002118,3.9431098177336956,6.5052684657358135,0.8984910243718613,0.25363373417396284,1.1263786580050856,Allegro > Business and Services > Industry,19827,0.5609018005749735
2.0362193962302526,3.5162897236714286,5.552509119901681,0.9850952605349874,0.35985555396024593,1.339587261218418,Allegro > Business and Services > Office and advertising,3261,0.2490033731984054
2.1598676234469765,3.321723017066073,5.4815906405130495,0.988861773840072,0.36728782348294353,1.3520586624792748,Allegro > Collections and Art > Antiques and Art,1354,0.5243722304283605
1.8602006730153549,3.945325518388191,5.805526191403546,0.9819231870214117,0.3310217981669047,1.3069611660510172,Allegro > Collections and Art > Collections,2097,0.3524082021936099
2.2546863203560834,3.606380900698573,5.861067221054657,0.9770188158885427,0.3247496691951648,1.2943053531457984,Allegro > Collections and Art > Handmade,3467,0.2538217479088549
2.4627397365853767,4.42866740541043,6.891407141995806,0.8014929114576823,0.20999439883899984,0.9698019335729581,Allegro > Culture and Entertainment > Books and Comics,47058,0.1727004102803937
1.5532236651290776,2.365954559489622,3.9191782246186997,0.9995920493013595,0.5467996893713853,1.5461686713574494,Allegro > Culture and Entertainment > Coupons and Top-Ups,59,0.2033898305084746
1.9879589096290704,2.6515091085556115,4.639468018184682,0.9827791617601574,0.46464563844615736,1.4394232128277853,Allegro > Culture and Entertainment > Gadgets,1846,0.08559046587215602
2.295992824080107,3.627378847694652,5.923371671774759,0.9839264757615627,0.3166209321916216,1.2954581937252057,Allegro > Culture and Entertainment > Games,2915,0.18456260720411663
2.853525301997911,2.6707659076001202,5.524291209598031,0.9886623982724467,0.3624279340100238,1.3469812687117249,Allegro > Culture and Entertainment > Movies,1775,0.1267605633802817
1.8370833602263952,2.8560260168345186,4.693109377060914,0.7596667399780447,0.4682466228141007,1.1153781254369617,Allegro > Culture and Entertainment > Music,4216,0.014705882352941176
2.0798449778118555,2.3513817350493214,4.431226712861177,0.9964648837124224,0.48805540069175735,1.482794951807954,Allegro > Culture and Entertainment > Musical Instruments,699,0.1430615164520744
2.1923083765932443,4.3559815202143675,6.548289896807612,0.8868135081801811,0.24865130879660724,1.107320847647694,"Allegro > Electronics > Audio, Video and Household Appliances",13528,0.3144589000591366
1.376115595669895,4.042624783179897,5.418740378849792,0.8909922658226952,0.38018468620662005,1.229733880817022,Allegro > Electronics > Computers,15996,0.09389847461865466
2.8085760312650585,2.94588775547256,5.7544637867376185,0.9966190040868786,0.33489751641563026,1.3303842333681932,Allegro > Electronics > Consoles and Gaming Machines,656,0.3826219512195122
1.4174803872277661,3.161244125376801,4.578724512604567,0.42327230894371703,0.21314962727651576,0.5134926438315406,Allegro > Electronics > Phones and Accessories,28987,0.1040466415979577
2.4161311982590217,3.526195054197057,5.942326252456079,0.989517091976887,0.31386746195676174,1.300094310198508,Allegro > Electronics > Photography,1330,0.08345864661654136
2.967154656596549,2.0863246460386207,5.05347930263517,0.9982934331567828,0.41578809294309393,1.4133719559266555,"Allegro > Electronics > Stage, Studio and DJ Equipment",368,0.14945652173913043
2.68514993910541,3.7496113999608744,6.434761339066284,0.9794836554376585,0.25714047457441724,1.231348547434783,Allegro > Fashion > Jewelry and Watches,7280,0.05714285714285714
1.9824067468290225,2.277709290490467,4.26011603731949,0.9958663263181168,0.5078169488312904,1.5015841255928088,Allegro > Health > Alternative Medicine,574,0.2229965156794425
4.3520256795543615,2.4655177396794743,6.817543419233836,0.9923884374962451,0.21209838739231568,1.2028724247559786,Allegro > Health > Dermatological cosmetics,239,0.1297071129707113
1.2912487040181657,2.5229400557734394,3.8141887597916053,0.9987889591258996,0.5590325468237152,1.557144494685459,Allegro > Health > Hospital and medical office equipment,272,0.30514705882352944
2.983088204284195,2.3154906197830436,5.2985788240672385,0.9982759110212983,0.3873871379299495,1.384995159056252,Allegro > Health > Massage Devices and Equipment,398,0.25879396984924624
2.3534673149897216,2.7075741015671397,5.061041416556861,0.9958695621441529,0.41512351761488897,1.4092784378670329,Allegro > Health > Medical equipment,399,0.3408521303258145
2.7664864488793306,2.6009493362283607,5.367435785107691,0.9941875545799971,0.3799508406068789,1.3719299516635641,Allegro > Health > Medicine Cabinet Essentials,1231,0.25264012997562957
2.2210088386475677,2.3470879308426484,4.568096769490216,0.9989217036873346,0.47183537779017104,1.4702483031294493,Allegro > Health > Oral hygiene,501,0.11377245508982035
2.2635206701054917,2.1331359443426265,4.396656614448118,0.9988827751531713,0.49162763634296425,1.4899611528854255,Allegro > Health > Other,164,0.07926829268292683
1.7926330927562797,2.852252358468264,4.644885451224543,0.9991705026009994,0.4629190854082157,1.461705597831921,Allegro > Health > Personal Hygiene,318,0.14779874213836477
1.0635039163091837,1.8340760449225375,2.8975799612317212,0.9988134017961504,0.6650740127462362,1.663098238913435,Allegro > Health > Rehabilitation and Orthopedic Equipment,435,0.04367816091954023
1.1807776377592971,2.4942735414714,3.675051179230697,0.9981689907765461,0.5752137566428699,1.5723295257255452,Allegro > Health > Specialized Medical Equipment,308,0.16233766233766234
2.2888752550819236,2.41461658335522,4.703491838437143,0.9985663984277441,0.45619229641905834,1.454104696853405,Allegro > Health > Vision correction,110,0.13636363636363635
2.2503748453048873,4.417560799104212,6.667935644409099,0.8634583881736406,0.23720322313113118,1.0682735008880395,Allegro > Home and Garden > Construction Work and Equipment,19483,0.40081096340399325
1.6832884418792458,4.1776109403898545,5.860899382269101,0.8663337984115079,0.33095292729443526,1.1530495050099037,Allegro > Home and Garden > Equipment,37902,0.10601023692681125
1.3506227892517757,3.8596917908388813,5.210314580090657,0.9033258066223575,0.39814632308453035,1.2629816550764166,Allegro > Home and Garden > Furniture,12775,0.14270058708414873
2.3936547889678357,4.121118836640485,6.514773625608321,0.9114452164459138,0.2525675725670441,1.1416467222915023,Allegro > Home and Garden > Garden,11617,0.17543255573728156
2.526869051668309,3.911991586405323,6.438860638073632,0.9665487422730661,0.25709132379729294,1.2150400379386572,Allegro > Home and Garden > Lighting,6116,0.20765206017004578
2.65533342269661,3.898535674279798,6.553869096976408,0.9321482196050437,0.24651347583206906,1.1619353172105578,Allegro > Home and Garden > Tools,8955,0.19341150195421553
2.0339157811012245,2.4283580769933244,4.462273858094549,0.9965802705768354,0.4843835715054078,1.4793073813306685,Allegro > Kids > Bicycles and Vehicles,857,0.07117852975495916
2.8143266385355346,2.532699410802435,5.34702604933797,0.9994812607170347,0.381664959606665,1.3809482357162204,Allegro > Kids > Car Seats,96,0.15625
3.1941746360533725,3.536074985130703,6.730249621184075,0.9745075650514786,0.22279450367729114,1.1916224943368883,Allegro > Kids > Clothing,5475,0.03780821917808219
2.650321806796779,3.1432391231024597,5.793560929899239,0.9946859942243416,0.3306307438084075,1.323559764350541,"Allegro > Kids > Events, Parties",2683,0.16250465896384644
3.35101555264268,2.751404682239278,6.102420234881958,0.9908714443655181,0.2950343936553437,1.2832126001442934,Allegro > Kids > Feeding,765,0.16862745098039217
2.239911175397674,3.2402676398277674,5.480178815225441,0.9978737170376343,0.3664574359048369,1.3635519607400746,Allegro > Kids > Garden Toys,751,0.06790945406125166
2.772077168374555,3.201779018648421,5.973856187022976,0.9943776294315554,0.309791237756863,1.3024271060508923,Allegro > Kids > Health and Hygiene,963,0.17653167185877466
1.851893451261898,2.938581780156992,4.79047523141889,0.9936365616435798,0.4468381238123731,1.4376312585997744,Allegro > Kids > Kids' Room,1754,0.10547320410490307
2.8400600332863895,3.028676867901686,5.8687369011880754,0.9915285073742247,0.3219990558836653,1.310799750630465,Allegro > Kids > Mother and Baby Accessories,753,0.12881806108897742
2.126597272060328,3.4663457963127775,5.592943068373105,0.9820882948065941,0.3551397376787093,1.3308668742015388,Allegro > Kids > School Supplies,3583,0.08037957019257605
2.242402995419723,2.821207662068428,5.063610657488151,0.9967508495187428,0.41471378243051593,1.4101171644634907,Allegro > Kids > Shoes,1475,0.08542372881355932
2.579659029006611,2.2659509622468077,4.8456099912534185,0.9985949759351581,0.4397591299909388,1.4377362337657258,Allegro > Kids > Strollers,228,0.13157894736842105
2.443535748355007,4.272792984813695,6.7163287331687025,0.8287450183630454,0.23299165795418197,1.0218356942127202,Allegro > Kids > Toys,19820,0.2250252270433905
2.3295825312421368,3.3581687713000328,5.6877513025421695,0.9868865555798065,0.3437552131293955,1.326133953827678,Allegro > Sports and Travel > Bicycles and Accessories,2731,0.16147931160746978
2.5994154965556437,2.1249231459088267,4.72433864246447,0.9994557361479086,0.4536816464147593,1.452890460042167,Allegro > Sports and Travel > Collections,134,0.03731343283582089
2.2144141686129166,2.4289115236736287,4.643325692286545,0.9993994391169986,0.46305774689950674,1.4621790916471467,Allegro > Sports and Travel > Extreme Sports,153,0.1895424836601307
3.1426511950651133,2.907125403094499,6.049776598159612,0.9908386407994688,0.3013124377166414,1.2893906470426004,Allegro > Sports and Travel > Fishing,1971,0.1004566210045662
2.6107006277687357,3.296859878267249,5.907560506035985,0.9886045674432331,0.31799445777623214,1.3029753408224505,Allegro > Sports and Travel > Gym and Fitness,1961,0.239673635900051
2.762885141310408,2.9315320405299343,5.694417181840342,0.9978906015858966,0.3416329272113393,1.3388028888423709,Allegro > Sports and Travel > Martial Arts,307,0.17263843648208468
2.7318625790122053,2.7729167092411173,5.504779288253323,0.9939858493967227,0.3640460376572713,1.3558424593569969,Allegro > Sports and Travel > Military,699,0.12589413447782546
2.205077403353579,2.9746490950156605,5.17972649836924,0.9960704241406824,0.40138978863617747,1.3958829211532584,Allegro > Sports and Travel > Other Sports and Leisure,462,0.35714285714285715
3.045567144443966,2.503717742944565,5.549284887388531,0.996576542525659,0.3585521477316611,1.353901202227227,Allegro > Sports and Travel > Running,221,0.07239819004524888
1.0271159449267153,2.0465499472643147,3.07366589219103,0.9998711137200071,0.6445429309785551,1.6443309719578927,"Allegro > Sports and Travel > Skating, Slackline",178,0.08426966292134831
0.8524135851709491,1.692818852939922,2.545232438110871,0.9994473245268065,0.7057111477197164,1.704768443004019,Allegro > Sports and Travel > Sports Electronics,348,0.5201149425287356
3.103265387197164,3.1188219004978524,6.222087287695016,0.992530234885593,0.28114530934013104,1.271575454801936,Allegro > Sports and Travel > Team Sports,976,0.05430327868852459
3.1158179366531207,1.4680368124281569,4.5838547490812775,0.9992399102719767,0.469949799838848,1.4688325060952805,Allegro > Sports and Travel > Tennis and Racquet Sports,84,0.023809523809523808
2.0381629639565597,3.2548266346508212,5.292989598607381,0.9743390083666142,0.3911092930833856,1.3554120491524477,Allegro > Sports and Travel > Travel,2625,0.1660952380952381
2.146577922580004,2.7077829629755987,4.854360885555603,0.9889783212461605,0.43974358021914806,1.4238751889900698,Allegro > Sports and Travel > Water Sports,486,0.27983539094650206
2.459950571277293,2.425217347563672,4.885167918840965,0.9917497384377335,0.43594401728736887,1.4240971035559764,Allegro > Sports and Travel > Winter Sports,424,0.09905660377358491
1.8645921917201114,3.755738376227678,5.620330567947789,0.9689348791285711,0.35463587721294787,1.3125539499505536,Allegro > Supermarket > Groceries,5160,0.289922480620155
1.0215681868299205,2.4681056828215677,3.4896738696514884,0.9882124912222354,0.598149701282747,1.5793114976506948,Allegro > Supermarket > Household Essentials,1988,0.21026156941649898
1.6173232970414047,3.20734802920039,4.824671326241795,0.984594286377085,0.4444994927323974,1.4222459472189162,Allegro > Supermarket > Pet Supplies,5682,0.16948257655755017
